{
  "id": "gambitsTemplatePreviewer",
  "title": "Gambit's Template Previewer",
  "description": "A tool to preview templates in Foundry VTT.",
  "authors": [
    {
      "name": "Gambit",
      "flags": {}
    }
  ],
  "version": "2.0.6",
  "compatibility": {
    "minimum": 12.328,
    "verified": 13.341,
    "maximum": 13.999
  },
  "esmodules": [
    "scripts/module.js",
    "scripts/templatePreview.js"
  ],
  "relationships": {
    "systems": [
      {
        "id": "dnd5e",
        "type": "system",
        "compatibility": {
          "minimum": "3.2.1",
          "verified": "5.0.1",
          "maximum": "5.9.99"
        }
      },
      {
        "id": "pf2e",
        "type": "system",
        "compatibility": {
          "minimum": "6.11.0",
          "verified": "6.11.1"
        }
      }
    ]
  },
  "url": "https://github.com/gambit07/gambitsTemplatePreviewer",
  "manifest": "https://github.com/gambit07/gambitsTemplatePreviewer/releases/latest/download/module.json",
  "download": "https://github.com/gambit07/gambitsTemplatePreviewer/releases/download/2.0.6/module.zip"
}
